local_time,ros_time_sec,trial_id,answer,is_correct,source,response_time_ms,word,ink,ground_truth,phase,screen,task,topic,raw_message
2026-05-11T11:49:34.919,1778467774.919109583,16,true,true,simple_bool,,black,red,black,word_4colors,3,read_word,/stroop/answer,true
2026-05-11T11:49:34.919,1778467774.919552803,16,true,true,simple_bool,,black,red,black,word_4colors,3,read_word,/stroop/result,true
2026-05-11T11:49:34.921,1778467774.921602488,16,true,true,manager,1074,black,red,black,word_4colors,3,read_word,/stroop/answer_detail,id=16;answer=true;source=manager;response_time_ms=1074;word=black;ink=red;ground_truth=black;phase=word_4colors;screen=3;task=read_word
2026-05-11T11:49:35.921,1778467775.921958685,17,true,true,simple_bool,,green,black,green,word_4colors,3,read_word,/stroop/answer,true
2026-05-11T11:49:35.922,1778467775.922436237,17,true,true,simple_bool,,green,black,green,word_4colors,3,read_word,/stroop/result,true
2026-05-11T11:49:35.924,1778467775.924752951,17,true,true,manager,877,green,black,green,word_4colors,3,read_word,/stroop/answer_detail,id=17;answer=true;source=manager;response_time_ms=877;word=green;ink=black;ground_truth=green;phase=word_4colors;screen=3;task=read_word
2026-05-11T11:49:37.107,1778467777.107263565,18,true,true,simple_bool,,red,green,red,word_4colors,3,read_word,/stroop/answer,true
2026-05-11T11:49:37.107,1778467777.107712269,18,true,true,simple_bool,,red,green,red,word_4colors,3,read_word,/stroop/result,true
2026-05-11T11:49:37.109,1778467777.109790087,18,true,true,manager,862,red,green,red,word_4colors,3,read_word,/stroop/answer_detail,id=18;answer=true;source=manager;response_time_ms=862;word=red;ink=green;ground_truth=red;phase=word_4colors;screen=3;task=read_word
2026-05-11T11:49:38.255,1778467778.255077839,19,true,true,manager,809,blue,red,blue,word_4colors,3,read_word,/stroop/answer_detail,id=19;answer=true;source=manager;response_time_ms=809;word=blue;ink=red;ground_truth=blue;phase=word_4colors;screen=3;task=read_word
2026-05-11T11:49:38.257,1778467778.256927729,19,true,true,simple_bool,,blue,red,blue,word_4colors,3,read_word,/stroop/answer,true
2026-05-11T11:49:38.257,1778467778.257784128,19,true,true,simple_bool,,blue,red,blue,word_4colors,3,read_word,/stroop/result,true
2026-05-11T11:49:39.520,1778467779.520655155,20,true,true,simple_bool,,blue,black,blue,word_4colors,3,read_word,/stroop/answer,true
2026-05-11T11:49:39.521,1778467779.521274090,20,true,true,simple_bool,,blue,black,blue,word_4colors,3,read_word,/stroop/result,true
2026-05-11T11:49:39.523,1778467779.523411512,20,true,true,manager,874,blue,black,blue,word_4colors,3,read_word,/stroop/answer_detail,id=20;answer=true;source=manager;response_time_ms=874;word=blue;ink=black;ground_truth=blue;phase=word_4colors;screen=3;task=read_word
2026-05-11T11:49:40.655,1778467780.655626059,21,true,true,simple_bool,,green,black,green,word_4colors,3,read_word,/stroop/answer,true
2026-05-11T11:49:40.656,1778467780.656072617,21,true,true,simple_bool,,green,black,green,word_4colors,3,read_word,/stroop/result,true
2026-05-11T11:49:40.657,1778467780.656981707,21,true,true,manager,809,green,black,green,word_4colors,3,read_word,/stroop/answer_detail,id=21;answer=true;source=manager;response_time_ms=809;word=green;ink=black;ground_truth=green;phase=word_4colors;screen=3;task=read_word
2026-05-11T11:49:41.803,1778467781.803827286,22,true,true,manager,756,black,red,black,word_4colors,3,read_word,/stroop/answer_detail,id=22;answer=true;source=manager;response_time_ms=756;word=black;ink=red;ground_truth=black;phase=word_4colors;screen=3;task=read_word
2026-05-11T11:49:41.804,1778467781.804703951,22,true,true,simple_bool,,black,red,black,word_4colors,3,read_word,/stroop/answer,true
2026-05-11T11:49:41.806,1778467781.806401491,22,true,true,simple_bool,,black,red,black,word_4colors,3,read_word,/stroop/result,true
2026-05-11T11:49:42.973,1778467782.973082066,23,true,true,manager,724,red,blue,red,word_4colors,3,read_word,/stroop/answer_detail,id=23;answer=true;source=manager;response_time_ms=724;word=red;ink=blue;ground_truth=red;phase=word_4colors;screen=3;task=read_word
2026-05-11T11:49:42.975,1778467782.975240707,23,true,true,simple_bool,,red,blue,red,word_4colors,3,read_word,/stroop/answer,true
2026-05-11T11:49:42.976,1778467782.976491213,23,true,true,simple_bool,,red,blue,red,word_4colors,3,read_word,/stroop/result,true
2026-05-11T11:49:44.235,1778467784.235906363,24,true,true,simple_bool,,green,black,green,word_4colors,3,read_word,/stroop/answer,true
2026-05-11T11:49:44.237,1778467784.237066269,24,true,true,simple_bool,,green,black,green,word_4colors,3,read_word,/stroop/result,true
2026-05-11T11:49:44.239,1778467784.239002466,24,true,true,manager,787,green,black,green,word_4colors,3,read_word,/stroop/answer_detail,id=24;answer=true;source=manager;response_time_ms=787;word=green;ink=black;ground_truth=green;phase=word_4colors;screen=3;task=read_word
2026-05-11T11:49:45.413,1778467785.413694620,25,true,true,manager,764,red,black,red,word_4colors,3,read_word,/stroop/answer_detail,id=25;answer=true;source=manager;response_time_ms=764;word=red;ink=black;ground_truth=red;phase=word_4colors;screen=3;task=read_word
2026-05-11T11:49:45.415,1778467785.415793657,25,true,true,simple_bool,,red,black,red,word_4colors,3,read_word,/stroop/answer,true
2026-05-11T11:49:45.416,1778467785.416564703,25,true,true,simple_bool,,red,black,red,word_4colors,3,read_word,/stroop/result,true
2026-05-11T11:49:46.633,1778467786.633895397,26,true,true,manager,784,blue,green,blue,word_4colors,3,read_word,/stroop/answer_detail,id=26;answer=true;source=manager;response_time_ms=784;word=blue;ink=green;ground_truth=blue;phase=word_4colors;screen=3;task=read_word
2026-05-11T11:49:46.635,1778467786.635061979,26,true,true,simple_bool,,blue,green,blue,word_4colors,3,read_word,/stroop/answer,true
2026-05-11T11:49:46.636,1778467786.636379957,26,true,true,simple_bool,,blue,green,blue,word_4colors,3,read_word,/stroop/result,true
2026-05-11T11:49:47.804,1778467787.804205179,27,true,true,simple_bool,,black,green,black,word_4colors,3,read_word,/stroop/answer,true
2026-05-11T11:49:47.805,1778467787.805063725,27,true,true,simple_bool,,black,green,black,word_4colors,3,read_word,/stroop/result,true
2026-05-11T11:49:47.806,1778467787.806976795,27,true,true,manager,754,black,green,black,word_4colors,3,read_word,/stroop/answer_detail,id=27;answer=true;source=manager;response_time_ms=754;word=black;ink=green;ground_truth=black;phase=word_4colors;screen=3;task=read_word
2026-05-11T11:49:48.998,1778467788.998266697,28,true,true,manager,748,green,black,green,word_4colors,3,read_word,/stroop/answer_detail,id=28;answer=true;source=manager;response_time_ms=748;word=green;ink=black;ground_truth=green;phase=word_4colors;screen=3;task=read_word
2026-05-11T11:49:48.998,1778467788.998726845,28,true,true,simple_bool,,green,black,green,word_4colors,3,read_word,/stroop/answer,true
2026-05-11T11:49:49.000,1778467789.000638008,28,true,true,simple_bool,,green,black,green,word_4colors,3,read_word,/stroop/result,true
2026-05-11T11:49:50.217,1778467790.217668533,29,true,true,manager,767,black,blue,black,word_4colors,3,read_word,/stroop/answer_detail,id=29;answer=true;source=manager;response_time_ms=767;word=black;ink=blue;ground_truth=black;phase=word_4colors;screen=3;task=read_word
2026-05-11T11:49:50.218,1778467790.218086958,29,true,true,simple_bool,,black,blue,black,word_4colors,3,read_word,/stroop/answer,true
2026-05-11T11:49:50.218,1778467790.218624353,29,true,true,simple_bool,,black,blue,black,word_4colors,3,read_word,/stroop/result,true
2026-05-11T11:49:51.408,1778467791.408304214,30,true,true,simple_bool,,red,blue,red,word_4colors,3,read_word,/stroop/answer,true
2026-05-11T11:49:51.408,1778467791.408725023,30,true,true,simple_bool,,red,blue,red,word_4colors,3,read_word,/stroop/result,true
2026-05-11T11:49:51.410,1778467791.410878897,30,true,true,manager,757,red,blue,red,word_4colors,3,read_word,/stroop/answer_detail,id=30;answer=true;source=manager;response_time_ms=757;word=red;ink=blue;ground_truth=red;phase=word_4colors;screen=3;task=read_word
2026-05-11T11:49:58.659,1778467798.659898758,31,true,true,manager,1529,black,red,red,color_4colors,3,read_color,/stroop/answer_detail,id=31;answer=true;source=manager;response_time_ms=1529;word=black;ink=red;ground_truth=red;phase=color_4colors;screen=3;task=read_color
2026-05-11T11:49:58.662,1778467798.662253141,32,true,true,simple_bool,,black,blue,blue,color_4colors,3,read_color,/stroop/answer,true
2026-05-11T11:49:58.662,1778467798.662520409,32,true,true,simple_bool,,black,blue,blue,color_4colors,3,read_color,/stroop/result,true
2026-05-11T11:49:59.710,1778467799.710325480,33,true,true,simple_bool,,red,black,black,color_4colors,3,read_color,/stroop/answer,true
2026-05-11T11:49:59.711,1778467799.711015224,33,true,true,simple_bool,,red,black,black,color_4colors,3,read_color,/stroop/result,true
2026-05-11T11:49:59.713,1778467799.713297367,32,true,true,manager,1379,black,blue,blue,color_4colors,3,read_color,/stroop/answer_detail,id=32;answer=true;source=manager;response_time_ms=1379;word=black;ink=blue;ground_truth=blue;phase=color_4colors;screen=3;task=read_color
2026-05-11T11:50:01.006,1778467801.006822109,33,true,true,manager,1475,red,black,black,color_4colors,3,read_color,/stroop/answer_detail,id=33;answer=true;source=manager;response_time_ms=1475;word=red;ink=black;ground_truth=black;phase=color_4colors;screen=3;task=read_color
2026-05-11T11:50:01.009,1778467801.009058475,34,true,true,simple_bool,,blue,green,green,color_4colors,3,read_color,/stroop/answer,true
2026-05-11T11:50:01.009,1778467801.009703636,34,true,true,simple_bool,,blue,green,green,color_4colors,3,read_color,/stroop/result,true
2026-05-11T11:50:01.814,1778467801.814115286,34,true,true,manager,1082,blue,green,green,color_4colors,3,read_color,/stroop/answer_detail,id=34;answer=true;source=manager;response_time_ms=1082;word=blue;ink=green;ground_truth=green;phase=color_4colors;screen=3;task=read_color
2026-05-11T11:50:01.815,1778467801.815529823,34,true,true,simple_bool,,blue,green,green,color_4colors,3,read_color,/stroop/answer,true
2026-05-11T11:50:01.816,1778467801.816973448,34,true,true,simple_bool,,blue,green,green,color_4colors,3,read_color,/stroop/result,true
2026-05-11T11:50:02.886,1778467802.886816978,35,true,true,manager,954,blue,red,red,color_4colors,3,read_color,/stroop/answer_detail,id=35;answer=true;source=manager;response_time_ms=954;word=blue;ink=red;ground_truth=red;phase=color_4colors;screen=3;task=read_color
2026-05-11T11:50:02.887,1778467802.887344837,35,true,true,simple_bool,,blue,red,red,color_4colors,3,read_color,/stroop/answer,true
2026-05-11T11:50:02.889,1778467802.889397144,35,true,true,simple_bool,,blue,red,red,color_4colors,3,read_color,/stroop/result,true
2026-05-11T11:50:04.192,1778467804.192410946,36,true,true,manager,1059,blue,green,green,color_4colors,3,read_color,/stroop/answer_detail,id=36;answer=true;source=manager;response_time_ms=1059;word=blue;ink=green;ground_truth=green;phase=color_4colors;screen=3;task=read_color
2026-05-11T11:50:04.193,1778467804.193133593,36,true,true,simple_bool,,blue,green,green,color_4colors,3,read_color,/stroop/answer,true
2026-05-11T11:50:04.194,1778467804.194850683,36,true,true,simple_bool,,blue,green,green,color_4colors,3,read_color,/stroop/result,true
2026-05-11T11:50:05.457,1778467805.457466125,37,true,true,manager,1124,black,blue,blue,color_4colors,3,read_color,/stroop/answer_detail,id=37;answer=true;source=manager;response_time_ms=1124;word=black;ink=blue;ground_truth=blue;phase=color_4colors;screen=3;task=read_color
2026-05-11T11:50:05.458,1778467805.458871841,37,true,true,simple_bool,,black,blue,blue,color_4colors,3,read_color,/stroop/answer,true
2026-05-11T11:50:05.460,1778467805.460655212,37,true,true,simple_bool,,black,blue,blue,color_4colors,3,read_color,/stroop/result,true
2026-05-11T11:50:06.585,1778467806.585940123,38,true,true,manager,1052,red,black,black,color_4colors,3,read_color,/stroop/answer_detail,id=38;answer=true;source=manager;response_time_ms=1052;word=red;ink=black;ground_truth=black;phase=color_4colors;screen=3;task=read_color
2026-05-11T11:50:06.587,1778467806.587133884,38,true,true,simple_bool,,red,black,black,color_4colors,3,read_color,/stroop/answer,true
2026-05-11T11:50:06.588,1778467806.588933945,38,true,true,simple_bool,,red,black,black,color_4colors,3,read_color,/stroop/result,true
2026-05-11T11:50:07.882,1778467807.882802725,39,true,true,manager,1148,black,green,green,color_4colors,3,read_color,/stroop/answer_detail,id=39;answer=true;source=manager;response_time_ms=1148;word=black;ink=green;ground_truth=green;phase=color_4colors;screen=3;task=read_color
2026-05-11T11:50:07.884,1778467807.884312868,39,true,true,simple_bool,,black,green,green,color_4colors,3,read_color,/stroop/answer,true
2026-05-11T11:50:07.885,1778467807.885424137,39,true,true,simple_bool,,black,green,green,color_4colors,3,read_color,/stroop/result,true
2026-05-11T11:50:09.501,1778467809.501393557,41,false,false,simple_bool,,black,blue,blue,color_4colors,3,read_color,/stroop/answer,false
2026-05-11T11:50:09.501,1778467809.501925707,41,false,false,simple_bool,,black,blue,blue,color_4colors,3,read_color,/stroop/result,false
2026-05-11T11:50:09.502,1778467809.502446175,40,false,false,manager,1567,green,black,black,color_4colors,3,read_color,/stroop/answer_detail,id=40;answer=false;source=manager;response_time_ms=1567;word=green;ink=black;ground_truth=black;phase=color_4colors;screen=3;task=read_color
2026-05-11T11:50:10.373,1778467810.373401165,42,true,true,simple_bool,,black,red,red,color_4colors,3,read_color,/stroop/answer,true
2026-05-11T11:50:10.373,1778467810.373909473,42,true,true,simple_bool,,black,red,red,color_4colors,3,read_color,/stroop/result,true
2026-05-11T11:50:10.374,1778467810.374368668,41,true,true,manager,1238,black,blue,blue,color_4colors,3,read_color,/stroop/answer_detail,id=41;answer=true;source=manager;response_time_ms=1238;word=black;ink=blue;ground_truth=blue;phase=color_4colors;screen=3;task=read_color
2026-05-11T11:50:11.075,1778467811.075799465,42,true,true,simple_bool,,black,red,red,color_4colors,3,read_color,/stroop/answer,true
2026-05-11T11:50:11.077,1778467811.077008724,42,true,true,simple_bool,,black,red,red,color_4colors,3,read_color,/stroop/result,true
2026-05-11T11:50:11.077,1778467811.077405930,42,true,true,manager,739,black,red,red,color_4colors,3,read_color,/stroop/answer_detail,id=42;answer=true;source=manager;response_time_ms=739;word=black;ink=red;ground_truth=red;phase=color_4colors;screen=3;task=read_color
2026-05-11T11:50:13.335,1778467813.335824490,43,false,false,timeout,1800,black,red,red,color_4colors,3,read_color,/stroop/answer_detail,id=43;answer=false;source=timeout;response_time_ms=1800;word=black;ink=red;ground_truth=red;phase=color_4colors;screen=3;task=read_color
2026-05-11T11:50:13.337,1778467813.337374449,44,false,false,simple_bool,,blue,black,black,color_4colors,3,read_color,/stroop/answer,false
2026-05-11T11:50:13.339,1778467813.339005232,44,false,false,simple_bool,,blue,black,black,color_4colors,3,read_color,/stroop/result,false
2026-05-11T11:50:13.507,1778467813.507398844,44,true,true,manager,771,blue,black,black,color_4colors,3,read_color,/stroop/answer_detail,id=44;answer=true;source=manager;response_time_ms=771;word=blue;ink=black;ground_truth=black;phase=color_4colors;screen=3;task=read_color
2026-05-11T11:50:13.507,1778467813.507950306,44,true,true,simple_bool,,blue,black,black,color_4colors,3,read_color,/stroop/answer,true
2026-05-11T11:50:13.508,1778467813.508256674,44,true,true,simple_bool,,blue,black,black,color_4colors,3,read_color,/stroop/result,true
2026-05-11T11:50:14.795,1778467814.795413733,45,true,true,manager,858,black,blue,blue,color_4colors,3,read_color,/stroop/answer_detail,id=45;answer=true;source=manager;response_time_ms=858;word=black;ink=blue;ground_truth=blue;phase=color_4colors;screen=3;task=read_color
2026-05-11T11:50:14.796,1778467814.796100378,45,true,true,simple_bool,,black,blue,blue,color_4colors,3,read_color,/stroop/answer,true
2026-05-11T11:50:14.796,1778467814.796368361,45,true,true,simple_bool,,black,blue,blue,color_4colors,3,read_color,/stroop/result,true
2026-05-11T11:50:21.674,1778467821.674908638,46,true,true,manager,1249,green,orange,green,word_6colors,3,read_word,/stroop/answer_detail,id=46;answer=true;source=manager;response_time_ms=1249;word=green;ink=orange;ground_truth=green;phase=word_6colors;screen=3;task=read_word
2026-05-11T11:50:21.675,1778467821.675562143,47,true,true,simple_bool,,black,red,black,word_6colors,3,read_word,/stroop/answer,true
2026-05-11T11:50:21.675,1778467821.675933599,47,true,true,simple_bool,,black,red,black,word_6colors,3,read_word,/stroop/result,true
2026-05-11T11:50:22.410,1778467822.410389900,47,true,true,simple_bool,,black,red,black,word_6colors,3,read_word,/stroop/answer,true
2026-05-11T11:50:22.411,1778467822.411088943,47,true,true,simple_bool,,black,red,black,word_6colors,3,read_word,/stroop/result,true
2026-05-11T11:50:22.411,1778467822.411707878,47,true,true,manager,984,black,red,black,word_6colors,3,read_word,/stroop/answer_detail,id=47;answer=true;source=manager;response_time_ms=984;word=black;ink=red;ground_truth=black;phase=word_6colors;screen=3;task=read_word
2026-05-11T11:50:23.239,1778467823.238980055,48,true,true,simple_bool,,red,orange,red,word_6colors,3,read_word,/stroop/answer,true
2026-05-11T11:50:23.239,1778467823.239762306,48,true,true,simple_bool,,red,orange,red,word_6colors,3,read_word,/stroop/result,true
2026-05-11T11:50:23.240,1778467823.240490437,48,true,true,manager,812,red,orange,red,word_6colors,3,read_word,/stroop/answer_detail,id=48;answer=true;source=manager;response_time_ms=812;word=red;ink=orange;ground_truth=red;phase=word_6colors;screen=3;task=read_word
2026-05-11T11:50:24.333,1778467824.333021879,49,true,true,simple_bool,,orange,green,orange,word_6colors,3,read_word,/stroop/answer,true
2026-05-11T11:50:24.333,1778467824.333645105,49,true,true,simple_bool,,orange,green,orange,word_6colors,3,read_word,/stroop/result,true
2026-05-11T11:50:24.334,1778467824.334957361,49,true,true,manager,906,orange,green,orange,word_6colors,3,read_word,/stroop/answer_detail,id=49;answer=true;source=manager;response_time_ms=906;word=orange;ink=green;ground_truth=orange;phase=word_6colors;screen=3;task=read_word
2026-05-11T11:50:25.320,1778467825.320205688,50,true,true,simple_bool,,pink,blue,pink,word_6colors,3,read_word,/stroop/answer,true
2026-05-11T11:50:25.321,1778467825.321074486,50,true,true,simple_bool,,pink,blue,pink,word_6colors,3,read_word,/stroop/result,true
2026-05-11T11:50:25.321,1778467825.321752310,50,true,true,manager,892,pink,blue,pink,word_6colors,3,read_word,/stroop/answer_detail,id=50;answer=true;source=manager;response_time_ms=892;word=pink;ink=blue;ground_truth=pink;phase=word_6colors;screen=3;task=read_word
2026-05-11T11:50:26.243,1778467826.243736982,51,true,true,manager,816,blue,pink,blue,word_6colors,3,read_word,/stroop/answer_detail,id=51;answer=true;source=manager;response_time_ms=816;word=blue;ink=pink;ground_truth=blue;phase=word_6colors;screen=3;task=read_word
2026-05-11T11:50:26.244,1778467826.244453430,51,true,true,simple_bool,,blue,pink,blue,word_6colors,3,read_word,/stroop/answer,true
2026-05-11T11:50:26.244,1778467826.244802952,51,true,true,simple_bool,,blue,pink,blue,word_6colors,3,read_word,/stroop/result,true
2026-05-11T11:50:27.256,1778467827.256834030,52,true,true,manager,828,black,green,black,word_6colors,3,read_word,/stroop/answer_detail,id=52;answer=true;source=manager;response_time_ms=828;word=black;ink=green;ground_truth=black;phase=word_6colors;screen=3;task=read_word
2026-05-11T11:50:27.257,1778467827.257425070,52,true,true,simple_bool,,black,green,black,word_6colors,3,read_word,/stroop/answer,true
2026-05-11T11:50:27.257,1778467827.257698298,52,true,true,simple_bool,,black,green,black,word_6colors,3,read_word,/stroop/result,true
2026-05-11T11:50:28.234,1778467828.234506130,53,true,true,manager,805,green,black,green,word_6colors,3,read_word,/stroop/answer_detail,id=53;answer=true;source=manager;response_time_ms=805;word=green;ink=black;ground_truth=green;phase=word_6colors;screen=3;task=read_word
2026-05-11T11:50:28.235,1778467828.235577106,53,true,true,simple_bool,,green,black,green,word_6colors,3,read_word,/stroop/answer,true
2026-05-11T11:50:28.235,1778467828.235871553,53,true,true,simple_bool,,green,black,green,word_6colors,3,read_word,/stroop/result,true
2026-05-11T11:50:29.225,1778467829.225001335,54,true,true,simple_bool,,pink,orange,pink,word_6colors,3,read_word,/stroop/answer,true
2026-05-11T11:50:29.225,1778467829.225454807,54,true,true,simple_bool,,pink,orange,pink,word_6colors,3,read_word,/stroop/result,true
2026-05-11T11:50:29.225,1778467829.225846291,54,true,true,manager,796,pink,orange,pink,word_6colors,3,read_word,/stroop/answer_detail,id=54;answer=true;source=manager;response_time_ms=796;word=pink;ink=orange;ground_truth=pink;phase=word_6colors;screen=3;task=read_word
2026-05-11T11:50:30.219,1778467830.219664335,55,true,true,simple_bool,,blue,orange,blue,word_6colors,3,read_word,/stroop/answer,true
2026-05-11T11:50:30.220,1778467830.220115662,55,true,true,simple_bool,,blue,orange,blue,word_6colors,3,read_word,/stroop/result,true
2026-05-11T11:50:30.220,1778467830.220481396,55,true,true,manager,790,blue,orange,blue,word_6colors,3,read_word,/stroop/answer_detail,id=55;answer=true;source=manager;response_time_ms=790;word=blue;ink=orange;ground_truth=blue;phase=word_6colors;screen=3;task=read_word
2026-05-11T11:50:31.208,1778467831.208962440,56,true,true,manager,779,orange,green,orange,word_6colors,3,read_word,/stroop/answer_detail,id=56;answer=true;source=manager;response_time_ms=779;word=orange;ink=green;ground_truth=orange;phase=word_6colors;screen=3;task=read_word
2026-05-11T11:50:31.209,1778467831.209516525,56,true,true,simple_bool,,orange,green,orange,word_6colors,3,read_word,/stroop/answer,true
2026-05-11T11:50:31.209,1778467831.209800959,56,true,true,simple_bool,,orange,green,orange,word_6colors,3,read_word,/stroop/result,true
2026-05-11T11:50:32.173,1778467832.173661470,57,true,true,simple_bool,,red,blue,red,word_6colors,3,read_word,/stroop/answer,true
2026-05-11T11:50:32.174,1778467832.174293756,57,true,true,simple_bool,,red,blue,red,word_6colors,3,read_word,/stroop/result,true
2026-05-11T11:50:32.174,1778467832.174731255,57,true,true,manager,743,red,blue,red,word_6colors,3,read_word,/stroop/answer_detail,id=57;answer=true;source=manager;response_time_ms=743;word=red;ink=blue;ground_truth=red;phase=word_6colors;screen=3;task=read_word
2026-05-11T11:50:33.175,1778467833.175050974,58,true,true,simple_bool,,black,green,black,word_6colors,3,read_word,/stroop/answer,true
2026-05-11T11:50:33.175,1778467833.175630331,58,true,true,simple_bool,,black,green,black,word_6colors,3,read_word,/stroop/result,true
2026-05-11T11:50:33.176,1778467833.176066399,58,true,true,manager,744,black,green,black,word_6colors,3,read_word,/stroop/answer_detail,id=58;answer=true;source=manager;response_time_ms=744;word=black;ink=green;ground_truth=black;phase=word_6colors;screen=3;task=read_word
2026-05-11T11:50:34.392,1778467834.392741919,59,true,true,simple_bool,,red,pink,red,word_6colors,3,read_word,/stroop/answer,true
2026-05-11T11:50:34.393,1778467834.393361092,59,true,true,simple_bool,,red,pink,red,word_6colors,3,read_word,/stroop/result,true
2026-05-11T11:50:34.393,1778467834.393805742,59,true,true,manager,961,red,pink,red,word_6colors,3,read_word,/stroop/answer_detail,id=59;answer=true;source=manager;response_time_ms=961;word=red;ink=pink;ground_truth=red;phase=word_6colors;screen=3;task=read_word
2026-05-11T11:50:35.221,1778467835.221789598,60,true,true,simple_bool,,orange,black,orange,word_6colors,3,read_word,/stroop/answer,true
2026-05-11T11:50:35.222,1778467835.222250700,60,true,true,simple_bool,,orange,black,orange,word_6colors,3,read_word,/stroop/result,true
2026-05-11T11:50:35.222,1778467835.222637653,60,true,true,manager,790,orange,black,orange,word_6colors,3,read_word,/stroop/answer_detail,id=60;answer=true;source=manager;response_time_ms=790;word=orange;ink=black;ground_truth=orange;phase=word_6colors;screen=3;task=read_word
2026-05-11T11:50:41.821,1778467841.821460724,62,false,false,simple_bool,,green,pink,pink,color_6colors,3,read_color,/stroop/answer,false
2026-05-11T11:50:41.822,1778467841.822456598,62,false,false,simple_bool,,green,pink,pink,color_6colors,3,read_color,/stroop/result,false
2026-05-11T11:50:41.822,1778467841.822933435,61,false,false,manager,1093,blue,green,green,color_6colors,3,read_color,/stroop/answer_detail,id=61;answer=false;source=manager;response_time_ms=1093;word=blue;ink=green;ground_truth=green;phase=color_6colors;screen=3;task=read_color
2026-05-11T11:50:42.651,1778467842.651823521,62,true,true,simple_bool,,green,pink,pink,color_6colors,3,read_color,/stroop/answer,true
2026-05-11T11:50:42.652,1778467842.652728558,62,true,true,simple_bool,,green,pink,pink,color_6colors,3,read_color,/stroop/result,true
2026-05-11T11:50:42.653,1778467842.653187275,62,true,true,manager,923,green,pink,pink,color_6colors,3,read_color,/stroop/answer_detail,id=62;answer=true;source=manager;response_time_ms=923;word=green;ink=pink;ground_truth=pink;phase=color_6colors;screen=3;task=read_color
2026-05-11T11:50:43.725,1778467843.725419760,63,true,true,manager,996,blue,red,red,color_6colors,3,read_color,/stroop/answer_detail,id=63;answer=true;source=manager;response_time_ms=996;word=blue;ink=red;ground_truth=red;phase=color_6colors;screen=3;task=read_color
2026-05-11T11:50:43.726,1778467843.726072073,63,true,true,simple_bool,,blue,red,red,color_6colors,3,read_color,/stroop/answer,true
2026-05-11T11:50:43.726,1778467843.726346731,63,true,true,simple_bool,,blue,red,red,color_6colors,3,read_color,/stroop/result,true
2026-05-11T11:50:45.035,1778467845.035424471,64,true,true,manager,1306,black,orange,orange,color_6colors,3,read_color,/stroop/answer_detail,id=64;answer=true;source=manager;response_time_ms=1306;word=black;ink=orange;ground_truth=orange;phase=color_6colors;screen=3;task=read_color
2026-05-11T11:50:45.036,1778467845.036160707,65,true,true,simple_bool,,orange,blue,blue,color_6colors,3,read_color,/stroop/answer,true
2026-05-11T11:50:45.036,1778467845.036426544,65,true,true,simple_bool,,orange,blue,blue,color_6colors,3,read_color,/stroop/result,true
2026-05-11T11:50:45.918,1778467845.918449879,65,true,true,manager,1188,orange,blue,blue,color_6colors,3,read_color,/stroop/answer_detail,id=65;answer=true;source=manager;response_time_ms=1188;word=orange;ink=blue;ground_truth=blue;phase=color_6colors;screen=3;task=read_color
2026-05-11T11:50:45.919,1778467845.919335842,66,true,true,simple_bool,,red,black,black,color_6colors,3,read_color,/stroop/answer,true
2026-05-11T11:50:45.919,1778467845.919593096,66,true,true,simple_bool,,red,black,black,color_6colors,3,read_color,/stroop/result,true
2026-05-11T11:50:46.735,1778467846.735907316,67,true,true,simple_bool,,black,pink,pink,color_6colors,3,read_color,/stroop/answer,true
2026-05-11T11:50:46.736,1778467846.736694336,67,true,true,simple_bool,,black,pink,pink,color_6colors,3,read_color,/stroop/result,true
2026-05-11T11:50:46.737,1778467846.737128019,66,true,true,manager,1005,red,black,black,color_6colors,3,read_color,/stroop/answer_detail,id=66;answer=true;source=manager;response_time_ms=1005;word=red;ink=black;ground_truth=black;phase=color_6colors;screen=3;task=read_color
2026-05-11T11:50:47.686,1778467847.686662912,67,true,true,simple_bool,,black,pink,pink,color_6colors,3,read_color,/stroop/answer,true
2026-05-11T11:50:47.687,1778467847.687345982,67,true,true,simple_bool,,black,pink,pink,color_6colors,3,read_color,/stroop/result,true
2026-05-11T11:50:47.687,1778467847.687969208,67,true,true,manager,955,black,pink,pink,color_6colors,3,read_color,/stroop/answer_detail,id=67;answer=true;source=manager;response_time_ms=955;word=black;ink=pink;ground_truth=pink;phase=color_6colors;screen=3;task=read_color
2026-05-11T11:50:48.887,1778467848.887770414,69,false,false,simple_bool,,orange,green,green,color_6colors,3,read_color,/stroop/answer,false
2026-05-11T11:50:48.888,1778467848.888508320,69,false,false,simple_bool,,orange,green,green,color_6colors,3,read_color,/stroop/result,false
2026-05-11T11:50:48.888,1778467848.888917446,68,false,false,manager,1156,red,black,black,color_6colors,3,read_color,/stroop/answer_detail,id=68;answer=false;source=manager;response_time_ms=1156;word=red;ink=black;ground_truth=black;phase=color_6colors;screen=3;task=read_color
2026-05-11T11:50:49.571,1778467849.570983887,69,true,true,manager,839,orange,green,green,color_6colors,3,read_color,/stroop/answer_detail,id=69;answer=true;source=manager;response_time_ms=839;word=orange;ink=green;ground_truth=green;phase=color_6colors;screen=3;task=read_color
2026-05-11T11:50:49.571,1778467849.571918964,69,true,true,simple_bool,,orange,green,green,color_6colors,3,read_color,/stroop/answer,true
2026-05-11T11:50:49.572,1778467849.572377205,69,true,true,simple_bool,,orange,green,green,color_6colors,3,read_color,/stroop/result,true
2026-05-11T11:50:50.662,1778467850.662853718,70,true,true,manager,930,pink,orange,orange,color_6colors,3,read_color,/stroop/answer_detail,id=70;answer=true;source=manager;response_time_ms=930;word=pink;ink=orange;ground_truth=orange;phase=color_6colors;screen=3;task=read_color
2026-05-11T11:50:50.663,1778467850.663450241,70,true,true,simple_bool,,pink,orange,orange,color_6colors,3,read_color,/stroop/answer,true
2026-05-11T11:50:50.663,1778467850.663747311,70,true,true,simple_bool,,pink,orange,orange,color_6colors,3,read_color,/stroop/result,true
2026-05-11T11:50:51.657,1778467851.657940865,71,true,true,manager,925,green,blue,blue,color_6colors,3,read_color,/stroop/answer_detail,id=71;answer=true;source=manager;response_time_ms=925;word=green;ink=blue;ground_truth=blue;phase=color_6colors;screen=3;task=read_color
2026-05-11T11:50:51.658,1778467851.658380747,71,true,true,simple_bool,,green,blue,blue,color_6colors,3,read_color,/stroop/answer,true
2026-05-11T11:50:51.658,1778467851.658639908,71,true,true,simple_bool,,green,blue,blue,color_6colors,3,read_color,/stroop/result,true
2026-05-11T11:50:52.785,1778467852.785250425,73,false,false,simple_bool,,pink,blue,blue,color_6colors,3,read_color,/stroop/answer,false
2026-05-11T11:50:52.785,1778467852.785709143,73,false,false,simple_bool,,pink,blue,blue,color_6colors,3,read_color,/stroop/result,false
2026-05-11T11:50:52.786,1778467852.786110401,72,false,false,manager,1052,pink,red,red,color_6colors,3,read_color,/stroop/answer_detail,id=72;answer=false;source=manager;response_time_ms=1052;word=pink;ink=red;ground_truth=red;phase=color_6colors;screen=3;task=read_color
2026-05-11T11:50:53.370,1778467853.369991302,73,true,true,manager,636,pink,blue,blue,color_6colors,3,read_color,/stroop/answer_detail,id=73;answer=true;source=manager;response_time_ms=636;word=pink;ink=blue;ground_truth=blue;phase=color_6colors;screen=3;task=read_color
2026-05-11T11:50:53.370,1778467853.370594501,73,true,true,simple_bool,,pink,blue,blue,color_6colors,3,read_color,/stroop/answer,true
2026-05-11T11:50:53.370,1778467853.370880842,73,true,true,simple_bool,,pink,blue,blue,color_6colors,3,read_color,/stroop/result,true
2026-05-11T11:50:54.554,1778467854.554888248,74,true,true,manager,820,red,black,black,color_6colors,3,read_color,/stroop/answer_detail,id=74;answer=true;source=manager;response_time_ms=820;word=red;ink=black;ground_truth=black;phase=color_6colors;screen=3;task=read_color
2026-05-11T11:50:54.555,1778467854.555502892,74,true,true,simple_bool,,red,black,black,color_6colors,3,read_color,/stroop/answer,true
2026-05-11T11:50:54.555,1778467854.555804729,74,true,true,simple_bool,,red,black,black,color_6colors,3,read_color,/stroop/result,true
2026-05-11T11:50:55.509,1778467855.509111404,75,true,true,manager,774,pink,red,red,color_6colors,3,read_color,/stroop/answer_detail,id=75;answer=true;source=manager;response_time_ms=774;word=pink;ink=red;ground_truth=red;phase=color_6colors;screen=3;task=read_color
2026-05-11T11:50:55.509,1778467855.509760380,75,true,true,simple_bool,,pink,red,red,color_6colors,3,read_color,/stroop/answer,true
2026-05-11T11:50:55.510,1778467855.510066032,75,true,true,simple_bool,,pink,red,red,color_6colors,3,read_color,/stroop/result,true
2026-05-11T11:51:02.046,1778467862.046875238,77,true,true,simple_bool,,green,pink,green,word_8colors,3,read_word,/stroop/answer,true
2026-05-11T11:51:02.047,1778467862.047617674,77,true,true,simple_bool,,green,pink,green,word_8colors,3,read_word,/stroop/result,true
2026-05-11T11:51:02.048,1778467862.048221111,76,true,true,manager,1020,black,red,black,word_8colors,3,read_word,/stroop/answer_detail,id=76;answer=true;source=manager;response_time_ms=1020;word=black;ink=red;ground_truth=black;phase=word_8colors;screen=3;task=read_word
2026-05-11T11:51:02.721,1778467862.720987320,78,true,true,simple_bool,,orange,pink,orange,word_8colors,3,read_word,/stroop/answer,true
2026-05-11T11:51:02.721,1778467862.721577406,78,true,true,simple_bool,,orange,pink,orange,word_8colors,3,read_word,/stroop/result,true
2026-05-11T11:51:02.722,1778467862.722042799,77,true,true,manager,894,green,pink,green,word_8colors,3,read_word,/stroop/answer_detail,id=77;answer=true;source=manager;response_time_ms=894;word=green;ink=pink;ground_truth=green;phase=word_8colors;screen=3;task=read_word
2026-05-11T11:51:03.365,1778467863.365254641,78,true,true,simple_bool,,orange,pink,orange,word_8colors,3,read_word,/stroop/answer,true
2026-05-11T11:51:03.365,1778467863.365816116,78,true,true,simple_bool,,orange,pink,orange,word_8colors,3,read_word,/stroop/result,true
2026-05-11T11:51:03.366,1778467863.366205692,78,true,true,manager,738,orange,pink,orange,word_8colors,3,read_word,/stroop/answer_detail,id=78;answer=true;source=manager;response_time_ms=738;word=orange;ink=pink;ground_truth=orange;phase=word_8colors;screen=3;task=read_word
2026-05-11T11:51:04.245,1778467864.245104313,80,true,true,simple_bool,,purple,blue,purple,word_8colors,3,read_word,/stroop/answer,true
2026-05-11T11:51:04.246,1778467864.246066809,80,true,true,simple_bool,,purple,blue,purple,word_8colors,3,read_word,/stroop/result,true
2026-05-11T11:51:04.246,1778467864.246672392,79,true,true,manager,817,red,pink,red,word_8colors,3,read_word,/stroop/answer_detail,id=79;answer=true;source=manager;response_time_ms=817;word=red;ink=pink;ground_truth=red;phase=word_8colors;screen=3;task=read_word
2026-05-11T11:51:05.058,1778467865.058417320,80,true,true,manager,830,purple,blue,purple,word_8colors,3,read_word,/stroop/answer_detail,id=80;answer=true;source=manager;response_time_ms=830;word=purple;ink=blue;ground_truth=purple;phase=word_8colors;screen=3;task=read_word
2026-05-11T11:51:05.059,1778467865.059092760,81,true,true,simple_bool,,pink,purple,pink,word_8colors,3,read_word,/stroop/answer,true
2026-05-11T11:51:05.059,1778467865.059455156,81,true,true,simple_bool,,pink,purple,pink,word_8colors,3,read_word,/stroop/result,true
2026-05-11T11:51:05.509,1778467865.509755611,81,false,false,manager,481,pink,purple,pink,word_8colors,3,read_word,/stroop/answer_detail,id=81;answer=false;source=manager;response_time_ms=481;word=pink;ink=purple;ground_truth=pink;phase=word_8colors;screen=3;task=read_word
2026-05-11T11:51:05.510,1778467865.510306835,81,false,false,simple_bool,,pink,purple,pink,word_8colors,3,read_word,/stroop/answer,false
2026-05-11T11:51:05.510,1778467865.510610104,81,false,false,simple_bool,,pink,purple,pink,word_8colors,3,read_word,/stroop/result,false
2026-05-11T11:51:06.191,1778467866.191544533,82,true,true,manager,362,blue,orange,blue,word_8colors,3,read_word,/stroop/answer_detail,id=82;answer=true;source=manager;response_time_ms=362;word=blue;ink=orange;ground_truth=blue;phase=word_8colors;screen=3;task=read_word
2026-05-11T11:51:06.192,1778467866.192579031,82,true,true,simple_bool,,blue,orange,blue,word_8colors,3,read_word,/stroop/answer,true
2026-05-11T11:51:06.192,1778467866.192960024,82,true,true,simple_bool,,blue,orange,blue,word_8colors,3,read_word,/stroop/result,true
2026-05-11T11:51:07.114,1778467867.114457369,83,false,false,manager,484,brown,green,brown,word_8colors,3,read_word,/stroop/answer_detail,id=83;answer=false;source=manager;response_time_ms=484;word=brown;ink=green;ground_truth=brown;phase=word_8colors;screen=3;task=read_word
2026-05-11T11:51:07.115,1778467867.115393162,83,false,false,simple_bool,,brown,green,brown,word_8colors,3,read_word,/stroop/answer,false
2026-05-11T11:51:07.115,1778467867.115869761,83,false,false,simple_bool,,brown,green,brown,word_8colors,3,read_word,/stroop/result,false
2026-05-11T11:51:07.638,1778467867.638428211,84,true,true,manager,208,red,orange,red,word_8colors,3,read_word,/stroop/answer_detail,id=84;answer=true;source=manager;response_time_ms=208;word=red;ink=orange;ground_truth=red;phase=word_8colors;screen=3;task=read_word
2026-05-11T11:51:07.638,1778467867.638920784,84,true,true,simple_bool,,red,orange,red,word_8colors,3,read_word,/stroop/answer,true
2026-05-11T11:51:07.639,1778467867.639193058,84,true,true,simple_bool,,red,orange,red,word_8colors,3,read_word,/stroop/result,true
2026-05-11T11:51:08.369,1778467868.369398355,85,true,true,manager,138,green,purple,green,word_8colors,3,read_word,/stroop/answer_detail,id=85;answer=true;source=manager;response_time_ms=138;word=green;ink=purple;ground_truth=green;phase=word_8colors;screen=3;task=read_word
2026-05-11T11:51:08.369,1778467868.369873047,85,true,true,simple_bool,,green,purple,green,word_8colors,3,read_word,/stroop/answer,true
2026-05-11T11:51:08.370,1778467868.370143414,85,true,true,simple_bool,,green,purple,green,word_8colors,3,read_word,/stroop/result,true
2026-05-11T11:51:09.196,1778467869.196372271,86,true,true,simple_bool,,orange,pink,orange,word_8colors,3,read_word,/stroop/answer,true
2026-05-11T11:51:09.197,1778467869.197078705,86,true,true,simple_bool,,orange,pink,orange,word_8colors,3,read_word,/stroop/result,true
2026-05-11T11:51:09.197,1778467869.197738886,86,true,true,manager,165,orange,pink,orange,word_8colors,3,read_word,/stroop/answer_detail,id=86;answer=true;source=manager;response_time_ms=165;word=orange;ink=pink;ground_truth=orange;phase=word_8colors;screen=3;task=read_word
2026-05-11T11:51:10.125,1778467870.125607014,87,true,true,simple_bool,,blue,purple,blue,word_8colors,3,read_word,/stroop/answer,true
2026-05-11T11:51:10.126,1778467870.126527309,87,true,true,simple_bool,,blue,purple,blue,word_8colors,3,read_word,/stroop/result,true
2026-05-11T11:51:10.126,1778467870.126986265,87,true,true,manager,293,blue,purple,blue,word_8colors,3,read_word,/stroop/answer_detail,id=87;answer=true;source=manager;response_time_ms=293;word=blue;ink=purple;ground_truth=blue;phase=word_8colors;screen=3;task=read_word
2026-05-11T11:51:10.820,1778467870.820248365,88,true,true,manager,188,pink,green,pink,word_8colors,3,read_word,/stroop/answer_detail,id=88;answer=true;source=manager;response_time_ms=188;word=pink;ink=green;ground_truth=pink;phase=word_8colors;screen=3;task=read_word
2026-05-11T11:51:10.821,1778467870.821258068,88,true,true,simple_bool,,pink,green,pink,word_8colors,3,read_word,/stroop/answer,true
2026-05-11T11:51:10.821,1778467870.821550608,88,true,true,simple_bool,,pink,green,pink,word_8colors,3,read_word,/stroop/result,true
2026-05-11T11:51:12.135,1778467872.135900974,89,true,true,simple_bool,,black,purple,black,word_8colors,3,read_word,/stroop/answer,true
2026-05-11T11:51:12.136,1778467872.136364937,89,true,true,simple_bool,,black,purple,black,word_8colors,3,read_word,/stroop/result,true
2026-05-11T11:51:12.136,1778467872.136751890,89,true,true,manager,703,black,purple,black,word_8colors,3,read_word,/stroop/answer_detail,id=89;answer=true;source=manager;response_time_ms=703;word=black;ink=purple;ground_truth=black;phase=word_8colors;screen=3;task=read_word
2026-05-11T11:51:19.498,1778467879.498346090,91,false,false,manager,1179,pink,orange,orange,color_8colors,3,read_color,/stroop/answer_detail,id=91;answer=false;source=manager;response_time_ms=1179;word=pink;ink=orange;ground_truth=orange;phase=color_8colors;screen=3;task=read_color
2026-05-11T11:51:19.499,1778467879.499024153,92,false,false,simple_bool,,purple,red,red,color_8colors,3,read_color,/stroop/answer,false
2026-05-11T11:51:19.499,1778467879.499395370,92,false,false,simple_bool,,purple,red,red,color_8colors,3,read_color,/stroop/result,false
2026-05-11T11:51:20.218,1778467880.218676805,93,false,false,simple_bool,,black,purple,purple,color_8colors,3,read_color,/stroop/answer,false
2026-05-11T11:51:20.219,1778467880.219219208,93,false,false,simple_bool,,black,purple,purple,color_8colors,3,read_color,/stroop/result,false
2026-05-11T11:51:20.219,1778467880.219820261,92,false,false,manager,1099,purple,red,red,color_8colors,3,read_color,/stroop/answer_detail,id=92;answer=false;source=manager;response_time_ms=1099;word=purple;ink=red;ground_truth=red;phase=color_8colors;screen=3;task=read_color
2026-05-11T11:51:21.120,1778467881.120208979,93,false,false,timeout,1200,black,purple,purple,color_8colors,3,read_color,/stroop/answer_detail,id=93;answer=false;source=timeout;response_time_ms=1200;word=black;ink=purple;ground_truth=purple;phase=color_8colors;screen=3;task=read_color
2026-05-11T11:51:21.121,1778467881.121363640,94,false,false,simple_bool,,red,pink,pink,color_8colors,3,read_color,/stroop/answer,false
2026-05-11T11:51:21.121,1778467881.121659040,94,false,false,simple_bool,,red,pink,pink,color_8colors,3,read_color,/stroop/result,false
2026-05-11T11:51:21.154,1778467881.154242992,94,true,true,manager,434,red,pink,pink,color_8colors,3,read_color,/stroop/answer_detail,id=94;answer=true;source=manager;response_time_ms=434;word=red;ink=pink;ground_truth=pink;phase=color_8colors;screen=3;task=read_color
2026-05-11T11:51:21.154,1778467881.154688597,94,true,true,simple_bool,,red,pink,pink,color_8colors,3,read_color,/stroop/answer,true
2026-05-11T11:51:21.154,1778467881.154944658,94,true,true,simple_bool,,red,pink,pink,color_8colors,3,read_color,/stroop/result,true
2026-05-11T11:51:21.849,1778467881.849788666,95,true,true,manager,329,orange,blue,blue,color_8colors,3,read_color,/stroop/answer_detail,id=95;answer=true;source=manager;response_time_ms=329;word=orange;ink=blue;ground_truth=blue;phase=color_8colors;screen=3;task=read_color
2026-05-11T11:51:21.850,1778467881.850258112,95,true,true,simple_bool,,orange,blue,blue,color_8colors,3,read_color,/stroop/answer,true
2026-05-11T11:51:21.850,1778467881.850537777,95,true,true,simple_bool,,orange,blue,blue,color_8colors,3,read_color,/stroop/result,true
2026-05-11T11:51:22.704,1778467882.704514503,96,false,false,simple_bool,,black,green,green,color_8colors,3,read_color,/stroop/answer,false
2026-05-11T11:51:22.705,1778467882.705157280,96,false,false,simple_bool,,black,green,green,color_8colors,3,read_color,/stroop/result,false
2026-05-11T11:51:22.705,1778467882.705772161,96,false,false,manager,383,black,green,green,color_8colors,3,read_color,/stroop/answer_detail,id=96;answer=false;source=manager;response_time_ms=383;word=black;ink=green;ground_truth=green;phase=color_8colors;screen=3;task=read_color
2026-05-11T11:51:23.503,1778467883.503206730,97,true,true,simple_bool,,green,brown,brown,color_8colors,3,read_color,/stroop/answer,true
2026-05-11T11:51:23.503,1778467883.503670692,97,true,true,simple_bool,,green,brown,brown,color_8colors,3,read_color,/stroop/result,true
2026-05-11T11:51:23.504,1778467883.504107237,97,true,true,manager,381,green,brown,brown,color_8colors,3,read_color,/stroop/answer_detail,id=97;answer=true;source=manager;response_time_ms=381;word=green;ink=brown;ground_truth=brown;phase=color_8colors;screen=3;task=read_color
2026-05-11T11:51:24.293,1778467884.293617487,98,true,true,manager,371,red,black,black,color_8colors,3,read_color,/stroop/answer_detail,id=98;answer=true;source=manager;response_time_ms=371;word=red;ink=black;ground_truth=black;phase=color_8colors;screen=3;task=read_color
2026-05-11T11:51:24.294,1778467884.294433355,98,true,true,simple_bool,,red,black,black,color_8colors,3,read_color,/stroop/answer,true
2026-05-11T11:51:24.295,1778467884.295423508,98,true,true,simple_bool,,red,black,black,color_8colors,3,read_color,/stroop/result,true
2026-05-11T11:51:25.192,1778467885.192619801,99,true,true,simple_bool,,red,orange,orange,color_8colors,3,read_color,/stroop/answer,true
2026-05-11T11:51:25.193,1778467885.193215609,99,true,true,simple_bool,,red,orange,orange,color_8colors,3,read_color,/stroop/result,true
2026-05-11T11:51:25.193,1778467885.193653822,99,true,true,manager,469,red,orange,orange,color_8colors,3,read_color,/stroop/answer_detail,id=99;answer=true;source=manager;response_time_ms=469;word=red;ink=orange;ground_truth=orange;phase=color_8colors;screen=3;task=read_color
2026-05-11T11:51:26.136,1778467886.136402369,100,true,true,simple_bool,,black,red,red,color_8colors,3,read_color,/stroop/answer,true
2026-05-11T11:51:26.137,1778467886.137296200,100,true,true,simple_bool,,black,red,red,color_8colors,3,read_color,/stroop/result,true
2026-05-11T11:51:26.137,1778467886.137791157,100,true,true,manager,612,black,red,red,color_8colors,3,read_color,/stroop/answer_detail,id=100;answer=true;source=manager;response_time_ms=612;word=black;ink=red;ground_truth=red;phase=color_8colors;screen=3;task=read_color
2026-05-11T11:51:26.921,1778467886.921624660,101,true,true,manager,597,orange,green,green,color_8colors,3,read_color,/stroop/answer_detail,id=101;answer=true;source=manager;response_time_ms=597;word=orange;ink=green;ground_truth=green;phase=color_8colors;screen=3;task=read_color
2026-05-11T11:51:26.922,1778467886.922119379,101,true,true,simple_bool,,orange,green,green,color_8colors,3,read_color,/stroop/answer,true
2026-05-11T11:51:26.922,1778467886.922413588,101,true,true,simple_bool,,orange,green,green,color_8colors,3,read_color,/stroop/result,true
2026-05-11T11:51:27.766,1778467887.766529083,102,false,false,simple_bool,,green,brown,brown,color_8colors,3,read_color,/stroop/answer,false
2026-05-11T11:51:27.767,1778467887.767095804,102,false,false,simple_bool,,green,brown,brown,color_8colors,3,read_color,/stroop/result,false
2026-05-11T11:51:27.767,1778467887.767532110,102,false,false,manager,641,green,brown,brown,color_8colors,3,read_color,/stroop/answer_detail,id=102;answer=false;source=manager;response_time_ms=641;word=green;ink=brown;ground_truth=brown;phase=color_8colors;screen=3;task=read_color
2026-05-11T11:51:28.520,1778467888.520450830,103,true,true,simple_bool,,pink,purple,purple,color_8colors,3,read_color,/stroop/answer,true
2026-05-11T11:51:28.521,1778467888.521004677,103,true,true,simple_bool,,pink,purple,purple,color_8colors,3,read_color,/stroop/result,true
2026-05-11T11:51:28.521,1778467888.521417856,103,true,true,manager,595,pink,purple,purple,color_8colors,3,read_color,/stroop/answer_detail,id=103;answer=true;source=manager;response_time_ms=595;word=pink;ink=purple;ground_truth=purple;phase=color_8colors;screen=3;task=read_color
2026-05-11T11:51:29.884,1778467889.884209871,104,true,true,manager,1158,black,blue,blue,color_8colors,3,read_color,/stroop/answer_detail,id=104;answer=true;source=manager;response_time_ms=1158;word=black;ink=blue;ground_truth=blue;phase=color_8colors;screen=3;task=read_color
2026-05-11T11:51:29.884,1778467889.884684563,105,true,true,simple_bool,,red,pink,pink,color_8colors,3,read_color,/stroop/answer,true
2026-05-11T11:51:29.884,1778467889.884956837,105,true,true,simple_bool,,red,pink,pink,color_8colors,3,read_color,/stroop/result,true
