local_time,ros_time_sec,trial_id,screen,phase,task,duration_ms,word,ink,ground_truth,raw_message
2026-05-13T17:32:01.412,1778661121.412547112,1,2,pretest_color_congruent,read_color,1000,purple,purple,purple,id=1;screen=2;phase=pretest_color_congruent;task=read_color;duration_ms=1000;word=purple;ink=purple;ground_truth=purple
2026-05-13T17:32:02.413,1778661122.413255930,2,2,pretest_color_congruent,read_color,1000,blue,blue,blue,id=2;screen=2;phase=pretest_color_congruent;task=read_color;duration_ms=1000;word=blue;ink=blue;ground_truth=blue
2026-05-13T17:32:03.413,1778661123.413244009,3,2,pretest_color_congruent,read_color,1000,brown,brown,brown,id=3;screen=2;phase=pretest_color_congruent;task=read_color;duration_ms=1000;word=brown;ink=brown;ground_truth=brown
2026-05-13T17:32:04.413,1778661124.413630962,4,2,pretest_color_congruent,read_color,1000,black,black,black,id=4;screen=2;phase=pretest_color_congruent;task=read_color;duration_ms=1000;word=black;ink=black;ground_truth=black
2026-05-13T17:32:05.413,1778661125.413924456,5,2,pretest_color_congruent,read_color,1000,orange,orange,orange,id=5;screen=2;phase=pretest_color_congruent;task=read_color;duration_ms=1000;word=orange;ink=orange;ground_truth=orange
2026-05-13T17:32:06.414,1778661126.414631128,6,2,pretest_color_congruent,read_color,1000,black,black,black,id=6;screen=2;phase=pretest_color_congruent;task=read_color;duration_ms=1000;word=black;ink=black;ground_truth=black
2026-05-13T17:32:07.415,1778661127.415246964,7,2,pretest_color_congruent,read_color,1000,red,red,red,id=7;screen=2;phase=pretest_color_congruent;task=read_color;duration_ms=1000;word=red;ink=red;ground_truth=red
2026-05-13T17:32:08.415,1778661128.415804148,8,2,pretest_color_congruent,read_color,1000,pink,pink,pink,id=8;screen=2;phase=pretest_color_congruent;task=read_color;duration_ms=1000;word=pink;ink=pink;ground_truth=pink
2026-05-13T17:32:09.416,1778661129.416366339,9,2,pretest_color_congruent,read_color,1000,purple,purple,purple,id=9;screen=2;phase=pretest_color_congruent;task=read_color;duration_ms=1000;word=purple;ink=purple;ground_truth=purple
2026-05-13T17:32:10.416,1778661130.416716814,10,2,pretest_color_congruent,read_color,1000,green,green,green,id=10;screen=2;phase=pretest_color_congruent;task=read_color;duration_ms=1000;word=green;ink=green;ground_truth=green
2026-05-13T17:32:11.417,1778661131.417051792,11,2,pretest_color_congruent,read_color,1000,green,green,green,id=11;screen=2;phase=pretest_color_congruent;task=read_color;duration_ms=1000;word=green;ink=green;ground_truth=green
2026-05-13T17:32:12.417,1778661132.417802095,12,2,pretest_color_congruent,read_color,1000,brown,brown,brown,id=12;screen=2;phase=pretest_color_congruent;task=read_color;duration_ms=1000;word=brown;ink=brown;ground_truth=brown
2026-05-13T17:32:13.418,1778661133.418478012,13,2,pretest_color_congruent,read_color,1000,pink,pink,pink,id=13;screen=2;phase=pretest_color_congruent;task=read_color;duration_ms=1000;word=pink;ink=pink;ground_truth=pink
2026-05-13T17:32:14.419,1778661134.419538975,14,2,pretest_color_congruent,read_color,1000,red,red,red,id=14;screen=2;phase=pretest_color_congruent;task=read_color;duration_ms=1000;word=red;ink=red;ground_truth=red
2026-05-13T17:32:15.420,1778661135.420853376,15,2,pretest_color_congruent,read_color,1000,orange,orange,orange,id=15;screen=2;phase=pretest_color_congruent;task=read_color;duration_ms=1000;word=orange;ink=orange;ground_truth=orange
2026-05-13T17:32:30.866,1778661150.866309643,16,3,word_4colors,read_word,1200,red,black,red,id=16;screen=3;phase=word_4colors;task=read_word;duration_ms=1200;word=red;ink=black;ground_truth=red
2026-05-13T17:32:32.209,1778661152.209565401,17,3,word_4colors,read_word,1200,blue,black,blue,id=17;screen=3;phase=word_4colors;task=read_word;duration_ms=1200;word=blue;ink=black;ground_truth=blue
2026-05-13T17:32:33.410,1778661153.410219908,18,3,word_4colors,read_word,1200,black,green,black,id=18;screen=3;phase=word_4colors;task=read_word;duration_ms=1200;word=black;ink=green;ground_truth=black
2026-05-13T17:32:34.610,1778661154.610395432,19,3,word_4colors,read_word,1200,green,black,green,id=19;screen=3;phase=word_4colors;task=read_word;duration_ms=1200;word=green;ink=black;ground_truth=green
2026-05-13T17:32:35.810,1778661155.810713291,20,3,word_4colors,read_word,1200,green,blue,green,id=20;screen=3;phase=word_4colors;task=read_word;duration_ms=1200;word=green;ink=blue;ground_truth=green
2026-05-13T17:32:37.011,1778661157.011144876,21,3,word_4colors,read_word,1200,black,red,black,id=21;screen=3;phase=word_4colors;task=read_word;duration_ms=1200;word=black;ink=red;ground_truth=black
2026-05-13T17:32:38.211,1778661158.211897135,22,3,word_4colors,read_word,1200,blue,red,blue,id=22;screen=3;phase=word_4colors;task=read_word;duration_ms=1200;word=blue;ink=red;ground_truth=blue
2026-05-13T17:32:39.412,1778661159.412187338,23,3,word_4colors,read_word,1200,red,blue,red,id=23;screen=3;phase=word_4colors;task=read_word;duration_ms=1200;word=red;ink=blue;ground_truth=red
2026-05-13T17:32:40.612,1778661160.612687826,24,3,word_4colors,read_word,1200,red,black,red,id=24;screen=3;phase=word_4colors;task=read_word;duration_ms=1200;word=red;ink=black;ground_truth=red
2026-05-13T17:32:41.812,1778661161.812908411,25,3,word_4colors,read_word,1200,black,red,black,id=25;screen=3;phase=word_4colors;task=read_word;duration_ms=1200;word=black;ink=red;ground_truth=black
2026-05-13T17:32:43.013,1778661163.013329506,26,3,word_4colors,read_word,1200,green,black,green,id=26;screen=3;phase=word_4colors;task=read_word;duration_ms=1200;word=green;ink=black;ground_truth=green
2026-05-13T17:32:44.214,1778661164.214204788,27,3,word_4colors,read_word,1200,blue,red,blue,id=27;screen=3;phase=word_4colors;task=read_word;duration_ms=1200;word=blue;ink=red;ground_truth=blue
2026-05-13T17:32:45.414,1778661165.414525032,28,3,word_4colors,read_word,1200,black,blue,black,id=28;screen=3;phase=word_4colors;task=read_word;duration_ms=1200;word=black;ink=blue;ground_truth=black
2026-05-13T17:32:46.615,1778661166.615287066,29,3,word_4colors,read_word,1200,blue,green,blue,id=29;screen=3;phase=word_4colors;task=read_word;duration_ms=1200;word=blue;ink=green;ground_truth=blue
2026-05-13T17:32:47.815,1778661167.815433502,30,3,word_4colors,read_word,1200,red,green,red,id=30;screen=3;phase=word_4colors;task=read_word;duration_ms=1200;word=red;ink=green;ground_truth=red
2026-05-13T17:32:54.147,1778661174.147396803,31,3,color_4colors,read_color,1200,black,red,red,id=31;screen=3;phase=color_4colors;task=read_color;duration_ms=1200;word=black;ink=red;ground_truth=red
2026-05-13T17:32:55.483,1778661175.483696222,32,3,color_4colors,read_color,1200,blue,green,green,id=32;screen=3;phase=color_4colors;task=read_color;duration_ms=1200;word=blue;ink=green;ground_truth=green
2026-05-13T17:32:56.684,1778661176.684301615,33,3,color_4colors,read_color,1200,green,blue,blue,id=33;screen=3;phase=color_4colors;task=read_color;duration_ms=1200;word=green;ink=blue;ground_truth=blue
2026-05-13T17:32:57.884,1778661177.884511471,34,3,color_4colors,read_color,1200,red,black,black,id=34;screen=3;phase=color_4colors;task=read_color;duration_ms=1200;word=red;ink=black;ground_truth=black
2026-05-13T17:32:59.085,1778661179.085424185,35,3,color_4colors,read_color,1200,blue,black,black,id=35;screen=3;phase=color_4colors;task=read_color;duration_ms=1200;word=blue;ink=black;ground_truth=black
2026-05-13T17:33:00.285,1778661180.285127640,36,3,color_4colors,read_color,1200,black,green,green,id=36;screen=3;phase=color_4colors;task=read_color;duration_ms=1200;word=black;ink=green;ground_truth=green
2026-05-13T17:33:01.485,1778661181.485607862,37,3,color_4colors,read_color,1200,black,blue,blue,id=37;screen=3;phase=color_4colors;task=read_color;duration_ms=1200;word=black;ink=blue;ground_truth=blue
2026-05-13T17:33:02.686,1778661182.686340094,38,3,color_4colors,read_color,1200,green,red,red,id=38;screen=3;phase=color_4colors;task=read_color;duration_ms=1200;word=green;ink=red;ground_truth=red
2026-05-13T17:33:03.886,1778661183.886760235,39,3,color_4colors,read_color,1200,green,red,red,id=39;screen=3;phase=color_4colors;task=read_color;duration_ms=1200;word=green;ink=red;ground_truth=red
2026-05-13T17:33:05.086,1778661185.086853743,40,3,color_4colors,read_color,1200,blue,green,green,id=40;screen=3;phase=color_4colors;task=read_color;duration_ms=1200;word=blue;ink=green;ground_truth=green
2026-05-13T17:33:06.287,1778661186.287723780,41,3,color_4colors,read_color,1200,blue,black,black,id=41;screen=3;phase=color_4colors;task=read_color;duration_ms=1200;word=blue;ink=black;ground_truth=black
2026-05-13T17:33:07.488,1778661187.488125801,42,3,color_4colors,read_color,1200,green,blue,blue,id=42;screen=3;phase=color_4colors;task=read_color;duration_ms=1200;word=green;ink=blue;ground_truth=blue
2026-05-13T17:33:08.688,1778661188.688632965,43,3,color_4colors,read_color,1200,red,black,black,id=43;screen=3;phase=color_4colors;task=read_color;duration_ms=1200;word=red;ink=black;ground_truth=black
2026-05-13T17:33:09.888,1778661189.888925552,44,3,color_4colors,read_color,1200,black,blue,blue,id=44;screen=3;phase=color_4colors;task=read_color;duration_ms=1200;word=black;ink=blue;ground_truth=blue
2026-05-13T17:33:11.089,1778661191.089306355,45,3,color_4colors,read_color,1200,red,green,green,id=45;screen=3;phase=color_4colors;task=read_color;duration_ms=1200;word=red;ink=green;ground_truth=green
2026-05-13T17:33:17.424,1778661197.424849510,46,3,word_6colors,read_word,1000,red,blue,red,id=46;screen=3;phase=word_6colors;task=read_word;duration_ms=1000;word=red;ink=blue;ground_truth=red
2026-05-13T17:33:18.562,1778661198.562849760,47,3,word_6colors,read_word,1000,black,red,black,id=47;screen=3;phase=word_6colors;task=read_word;duration_ms=1000;word=black;ink=red;ground_truth=black
2026-05-13T17:33:19.563,1778661199.563118935,48,3,word_6colors,read_word,1000,blue,orange,blue,id=48;screen=3;phase=word_6colors;task=read_word;duration_ms=1000;word=blue;ink=orange;ground_truth=blue
2026-05-13T17:33:20.563,1778661200.563935041,49,3,word_6colors,read_word,1000,orange,green,orange,id=49;screen=3;phase=word_6colors;task=read_word;duration_ms=1000;word=orange;ink=green;ground_truth=orange
2026-05-13T17:33:21.564,1778661201.564069033,50,3,word_6colors,read_word,1000,pink,orange,pink,id=50;screen=3;phase=word_6colors;task=read_word;duration_ms=1000;word=pink;ink=orange;ground_truth=pink
2026-05-13T17:33:22.564,1778661202.564601898,51,3,word_6colors,read_word,1000,green,blue,green,id=51;screen=3;phase=word_6colors;task=read_word;duration_ms=1000;word=green;ink=blue;ground_truth=green
2026-05-13T17:33:23.564,1778661203.564889908,52,3,word_6colors,read_word,1000,blue,black,blue,id=52;screen=3;phase=word_6colors;task=read_word;duration_ms=1000;word=blue;ink=black;ground_truth=blue
2026-05-13T17:33:24.565,1778661204.565149784,53,3,word_6colors,read_word,1000,orange,pink,orange,id=53;screen=3;phase=word_6colors;task=read_word;duration_ms=1000;word=orange;ink=pink;ground_truth=orange
2026-05-13T17:33:25.565,1778661205.565629244,54,3,word_6colors,read_word,1000,green,blue,green,id=54;screen=3;phase=word_6colors;task=read_word;duration_ms=1000;word=green;ink=blue;ground_truth=green
2026-05-13T17:33:26.566,1778661206.566023588,55,3,word_6colors,read_word,1000,black,orange,black,id=55;screen=3;phase=word_6colors;task=read_word;duration_ms=1000;word=black;ink=orange;ground_truth=black
2026-05-13T17:33:27.566,1778661207.566504240,56,3,word_6colors,read_word,1000,pink,green,pink,id=56;screen=3;phase=word_6colors;task=read_word;duration_ms=1000;word=pink;ink=green;ground_truth=pink
2026-05-13T17:33:28.567,1778661208.567091942,57,3,word_6colors,read_word,1000,red,green,red,id=57;screen=3;phase=word_6colors;task=read_word;duration_ms=1000;word=red;ink=green;ground_truth=red
2026-05-13T17:33:29.567,1778661209.567518950,58,3,word_6colors,read_word,1000,green,red,green,id=58;screen=3;phase=word_6colors;task=read_word;duration_ms=1000;word=green;ink=red;ground_truth=green
2026-05-13T17:33:30.568,1778661210.568333387,59,3,word_6colors,read_word,1000,blue,pink,blue,id=59;screen=3;phase=word_6colors;task=read_word;duration_ms=1000;word=blue;ink=pink;ground_truth=blue
2026-05-13T17:33:31.568,1778661211.568852663,60,3,word_6colors,read_word,1000,pink,green,pink,id=60;screen=3;phase=word_6colors;task=read_word;duration_ms=1000;word=pink;ink=green;ground_truth=pink
2026-05-13T17:33:37.703,1778661217.703578234,61,3,color_6colors,read_color,1000,red,pink,pink,id=61;screen=3;phase=color_6colors;task=read_color;duration_ms=1000;word=red;ink=pink;ground_truth=pink
2026-05-13T17:33:38.841,1778661218.841562748,62,3,color_6colors,read_color,1000,pink,blue,blue,id=62;screen=3;phase=color_6colors;task=read_color;duration_ms=1000;word=pink;ink=blue;ground_truth=blue
2026-05-13T17:33:39.841,1778661219.841956377,63,3,color_6colors,read_color,1000,orange,green,green,id=63;screen=3;phase=color_6colors;task=read_color;duration_ms=1000;word=orange;ink=green;ground_truth=green
2026-05-13T17:33:40.842,1778661220.842336893,64,3,color_6colors,read_color,1000,pink,orange,orange,id=64;screen=3;phase=color_6colors;task=read_color;duration_ms=1000;word=pink;ink=orange;ground_truth=orange
2026-05-13T17:33:41.842,1778661221.842624664,65,3,color_6colors,read_color,1000,green,black,black,id=65;screen=3;phase=color_6colors;task=read_color;duration_ms=1000;word=green;ink=black;ground_truth=black
2026-05-13T17:33:42.843,1778661222.843216181,66,3,color_6colors,read_color,1000,blue,red,red,id=66;screen=3;phase=color_6colors;task=read_color;duration_ms=1000;word=blue;ink=red;ground_truth=red
2026-05-13T17:33:43.843,1778661223.843386412,67,3,color_6colors,read_color,1000,green,red,red,id=67;screen=3;phase=color_6colors;task=read_color;duration_ms=1000;word=green;ink=red;ground_truth=red
2026-05-13T17:33:44.845,1778661224.845313787,68,3,color_6colors,read_color,1000,red,black,black,id=68;screen=3;phase=color_6colors;task=read_color;duration_ms=1000;word=red;ink=black;ground_truth=black
2026-05-13T17:33:45.843,1778661225.843944073,69,3,color_6colors,read_color,1000,red,orange,orange,id=69;screen=3;phase=color_6colors;task=read_color;duration_ms=1000;word=red;ink=orange;ground_truth=orange
2026-05-13T17:33:46.844,1778661226.844485044,70,3,color_6colors,read_color,1000,red,blue,blue,id=70;screen=3;phase=color_6colors;task=read_color;duration_ms=1000;word=red;ink=blue;ground_truth=blue
2026-05-13T17:33:47.844,1778661227.844867229,71,3,color_6colors,read_color,1000,blue,pink,pink,id=71;screen=3;phase=color_6colors;task=read_color;duration_ms=1000;word=blue;ink=pink;ground_truth=pink
2026-05-13T17:33:48.845,1778661228.845488071,72,3,color_6colors,read_color,1000,blue,green,green,id=72;screen=3;phase=color_6colors;task=read_color;duration_ms=1000;word=blue;ink=green;ground_truth=green
2026-05-13T17:33:49.845,1778661229.845709562,73,3,color_6colors,read_color,1000,red,pink,pink,id=73;screen=3;phase=color_6colors;task=read_color;duration_ms=1000;word=red;ink=pink;ground_truth=pink
2026-05-13T17:33:50.846,1778661230.846039772,74,3,color_6colors,read_color,1000,red,green,green,id=74;screen=3;phase=color_6colors;task=read_color;duration_ms=1000;word=red;ink=green;ground_truth=green
2026-05-13T17:33:51.846,1778661231.846796274,75,3,color_6colors,read_color,1000,red,orange,orange,id=75;screen=3;phase=color_6colors;task=read_color;duration_ms=1000;word=red;ink=orange;ground_truth=orange
2026-05-13T17:33:57.982,1778661237.982021093,76,3,word_8colors,read_word,800,black,blue,black,id=76;screen=3;phase=word_8colors;task=read_word;duration_ms=800;word=black;ink=blue;ground_truth=black
2026-05-13T17:33:58.920,1778661238.920199156,77,3,word_8colors,read_word,800,purple,red,purple,id=77;screen=3;phase=word_8colors;task=read_word;duration_ms=800;word=purple;ink=red;ground_truth=purple
2026-05-13T17:33:59.720,1778661239.720425844,78,3,word_8colors,read_word,800,red,black,red,id=78;screen=3;phase=word_8colors;task=read_word;duration_ms=800;word=red;ink=black;ground_truth=red
2026-05-13T17:34:00.521,1778661240.521094799,79,3,word_8colors,read_word,800,green,orange,green,id=79;screen=3;phase=word_8colors;task=read_word;duration_ms=800;word=green;ink=orange;ground_truth=green
2026-05-13T17:34:01.321,1778661241.321751595,80,3,word_8colors,read_word,800,brown,red,brown,id=80;screen=3;phase=word_8colors;task=read_word;duration_ms=800;word=brown;ink=red;ground_truth=brown
2026-05-13T17:34:02.122,1778661242.122712374,81,3,word_8colors,read_word,800,pink,black,pink,id=81;screen=3;phase=word_8colors;task=read_word;duration_ms=800;word=pink;ink=black;ground_truth=pink
2026-05-13T17:34:02.922,1778661242.922180414,82,3,word_8colors,read_word,800,orange,blue,orange,id=82;screen=3;phase=word_8colors;task=read_word;duration_ms=800;word=orange;ink=blue;ground_truth=orange
2026-05-13T17:34:03.722,1778661243.722463369,83,3,word_8colors,read_word,800,blue,black,blue,id=83;screen=3;phase=word_8colors;task=read_word;duration_ms=800;word=blue;ink=black;ground_truth=blue
2026-05-13T17:34:04.522,1778661244.522945881,84,3,word_8colors,read_word,800,green,blue,green,id=84;screen=3;phase=word_8colors;task=read_word;duration_ms=800;word=green;ink=blue;ground_truth=green
2026-05-13T17:34:05.323,1778661245.323254824,85,3,word_8colors,read_word,800,pink,brown,pink,id=85;screen=3;phase=word_8colors;task=read_word;duration_ms=800;word=pink;ink=brown;ground_truth=pink
2026-05-13T17:34:06.123,1778661246.123789310,86,3,word_8colors,read_word,800,red,brown,red,id=86;screen=3;phase=word_8colors;task=read_word;duration_ms=800;word=red;ink=brown;ground_truth=red
2026-05-13T17:34:06.924,1778661246.924210548,87,3,word_8colors,read_word,800,purple,blue,purple,id=87;screen=3;phase=word_8colors;task=read_word;duration_ms=800;word=purple;ink=blue;ground_truth=purple
2026-05-13T17:34:07.724,1778661247.724561691,88,3,word_8colors,read_word,800,blue,green,blue,id=88;screen=3;phase=word_8colors;task=read_word;duration_ms=800;word=blue;ink=green;ground_truth=blue
2026-05-13T17:34:08.525,1778661248.525235176,89,3,word_8colors,read_word,800,black,blue,black,id=89;screen=3;phase=word_8colors;task=read_word;duration_ms=800;word=black;ink=blue;ground_truth=black
2026-05-13T17:34:09.325,1778661249.325539827,90,3,word_8colors,read_word,800,brown,purple,brown,id=90;screen=3;phase=word_8colors;task=read_word;duration_ms=800;word=brown;ink=purple;ground_truth=brown
2026-05-13T17:34:15.258,1778661255.258260965,91,3,color_8colors,read_color,800,green,orange,orange,id=91;screen=3;phase=color_8colors;task=read_color;duration_ms=800;word=green;ink=orange;ground_truth=orange
2026-05-13T17:34:16.197,1778661256.197768927,92,3,color_8colors,read_color,800,purple,black,black,id=92;screen=3;phase=color_8colors;task=read_color;duration_ms=800;word=purple;ink=black;ground_truth=black
2026-05-13T17:34:16.998,1778661256.998109102,93,3,color_8colors,read_color,800,orange,pink,pink,id=93;screen=3;phase=color_8colors;task=read_color;duration_ms=800;word=orange;ink=pink;ground_truth=pink
2026-05-13T17:34:17.798,1778661257.798231125,94,3,color_8colors,read_color,800,pink,green,green,id=94;screen=3;phase=color_8colors;task=read_color;duration_ms=800;word=pink;ink=green;ground_truth=green
2026-05-13T17:34:18.598,1778661258.598907948,95,3,color_8colors,read_color,800,orange,brown,brown,id=95;screen=3;phase=color_8colors;task=read_color;duration_ms=800;word=orange;ink=brown;ground_truth=brown
2026-05-13T17:34:19.399,1778661259.399880648,96,3,color_8colors,read_color,800,orange,blue,blue,id=96;screen=3;phase=color_8colors;task=read_color;duration_ms=800;word=orange;ink=blue;ground_truth=blue
2026-05-13T17:34:20.201,1778661260.201000929,97,3,color_8colors,read_color,800,red,purple,purple,id=97;screen=3;phase=color_8colors;task=read_color;duration_ms=800;word=red;ink=purple;ground_truth=purple
2026-05-13T17:34:21.001,1778661261.001327038,98,3,color_8colors,read_color,800,orange,red,red,id=98;screen=3;phase=color_8colors;task=read_color;duration_ms=800;word=orange;ink=red;ground_truth=red
2026-05-13T17:34:21.803,1778661261.803170443,99,3,color_8colors,read_color,800,blue,orange,orange,id=99;screen=3;phase=color_8colors;task=read_color;duration_ms=800;word=blue;ink=orange;ground_truth=orange
2026-05-13T17:34:22.603,1778661262.603620529,100,3,color_8colors,read_color,800,green,purple,purple,id=100;screen=3;phase=color_8colors;task=read_color;duration_ms=800;word=green;ink=purple;ground_truth=purple
2026-05-13T17:34:23.404,1778661263.404210567,101,3,color_8colors,read_color,800,red,blue,blue,id=101;screen=3;phase=color_8colors;task=read_color;duration_ms=800;word=red;ink=blue;ground_truth=blue
2026-05-13T17:34:24.204,1778661264.204337120,102,3,color_8colors,read_color,800,orange,red,red,id=102;screen=3;phase=color_8colors;task=read_color;duration_ms=800;word=orange;ink=red;ground_truth=red
2026-05-13T17:34:25.004,1778661265.004705906,103,3,color_8colors,read_color,800,red,pink,pink,id=103;screen=3;phase=color_8colors;task=read_color;duration_ms=800;word=red;ink=pink;ground_truth=pink
2026-05-13T17:34:25.805,1778661265.805148840,104,3,color_8colors,read_color,800,brown,black,black,id=104;screen=3;phase=color_8colors;task=read_color;duration_ms=800;word=brown;ink=black;ground_truth=black
2026-05-13T17:34:26.605,1778661266.605705976,105,3,color_8colors,read_color,800,green,brown,brown,id=105;screen=3;phase=color_8colors;task=read_color;duration_ms=800;word=green;ink=brown;ground_truth=brown
